{"cameraMode":{"drawMode":0,"name":"Shaded","section":"Shading Mode"},"sceneLighting":false,"audioPlay":false,"sceneViewState":{"showFog":true,"showMaterialUpdate":false,"showSkybox":true,"showFlares":true,"showImageEffects":true,"showParticleSystems":true},"in2DMode":false,"pivot":{"x":-19.31999969482422,"y":1.9600000381469727,"z":5.380000114440918},"rotation":{"x":0.23055249452590943,"y":0.07346832007169724,"z":-0.017455795779824258,"w":0.9701253771781921},"size":2.8578836917877199,"orthographic":true}