{"cameraMode":{"drawMode":0,"name":"Shaded","section":"Shading Mode"},"sceneLighting":false,"audioPlay":false,"sceneViewState":{"showFog":true,"showMaterialUpdate":false,"showSkybox":true,"showFlares":true,"showImageEffects":true,"showParticleSystems":true},"in2DMode":false,"pivot":{"x":0.4359999895095825,"y":0.5,"z":0.12099999189376831},"rotation":{"x":0.21252723038196565,"y":0.18829189240932465,"z":-0.041770681738853458,"w":0.9579319357872009},"size":2.484954595565796,"orthographic":true}