{"cameraMode":{"drawMode":0,"name":"Shaded","section":"Shading Mode"},"sceneLighting":false,"audioPlay":false,"sceneViewState":{"showFog":true,"showMaterialUpdate":false,"showSkybox":true,"showFlares":true,"showImageEffects":true,"showParticleSystems":true},"in2DMode":false,"pivot":{"x":-5.0,"y":1.1802723407745362,"z":-19.677295684814454},"rotation":{"x":-0.049041278660297397,"y":-0.7624955773353577,"z":-0.0581967867910862,"w":0.6425018310546875},"size":1.8707900047302247,"orthographic":false}