{"cameraMode":{"drawMode":0,"name":"Shaded","section":"Shading Mode"},"sceneLighting":false,"audioPlay":false,"sceneViewState":{"showFog":true,"showMaterialUpdate":false,"showSkybox":true,"showFlares":true,"showImageEffects":true,"showParticleSystems":true},"in2DMode":false,"pivot":{"x":-1.0709402561187745,"y":5.424351215362549,"z":-2.93804931640625},"rotation":{"x":0.16411909461021424,"y":-0.10543111711740494,"z":0.017644913867115976,"w":0.9806313514709473},"size":23.334524154663087,"orthographic":true}