{"cameraMode":{"drawMode":0,"name":"Shaded","section":"Shading Mode"},"sceneLighting":false,"audioPlay":false,"sceneViewState":{"showFog":true,"showMaterialUpdate":false,"showSkybox":true,"showFlares":true,"showImageEffects":true,"showParticleSystems":true},"in2DMode":false,"pivot":{"x":0.149658203125,"y":-0.0576171875,"z":0.0400390625},"rotation":{"x":0.08023688942193985,"y":-0.0009111011167988181,"z":0.00007699415436945856,"w":0.9967754483222961},"size":4.774406433105469,"orthographic":true}