{"cameraMode":{"drawMode":0,"name":"Shaded","section":"Shading Mode"},"sceneLighting":false,"audioPlay":false,"sceneViewState":{"showFog":true,"showMaterialUpdate":false,"showSkybox":true,"showFlares":true,"showImageEffects":true,"showParticleSystems":true},"in2DMode":false,"pivot":{"x":1.578718662261963,"y":-0.24641478061676026,"z":-17.801931381225587},"rotation":{"x":-0.06536798179149628,"y":-0.8694762587547302,"z":0.11971072107553482,"w":-0.4747709333896637},"size":7.986769676208496,"orthographic":false}