{"cameraMode":{"drawMode":0,"name":"Shaded","section":"Shading Mode"},"sceneLighting":false,"audioPlay":false,"sceneViewState":{"showFog":true,"showMaterialUpdate":false,"showSkybox":true,"showFlares":true,"showImageEffects":true,"showParticleSystems":true},"in2DMode":false,"pivot":{"x":-15.200491905212403,"y":-12.31209945678711,"z":23.947471618652345},"rotation":{"x":-0.324333131313324,"y":-0.12437039613723755,"z":0.043060507625341418,"w":-0.9367421269416809},"size":40.07654571533203,"orthographic":false}