{"cameraMode":{"drawMode":0,"name":"Shaded","section":"Shading Mode"},"sceneLighting":false,"audioPlay":false,"sceneViewState":{"showFog":true,"showMaterialUpdate":false,"showSkybox":true,"showFlares":true,"showImageEffects":true,"showParticleSystems":true},"in2DMode":false,"pivot":{"x":-19.31999969482422,"y":1.9600000381469727,"z":5.380000114440918},"rotation":{"x":0.12674973905086518,"y":-0.20177139341831208,"z":0.026343218982219697,"w":0.970839262008667},"size":50.58776092529297,"orthographic":true}