{"cameraMode":{"drawMode":0,"name":"Shaded","section":"Shading Mode"},"sceneLighting":false,"audioPlay":false,"sceneViewState":{"showFog":true,"showMaterialUpdate":false,"showSkybox":true,"showFlares":true,"showImageEffects":true,"showParticleSystems":true},"in2DMode":false,"pivot":{"x":-20.900014877319337,"y":-0.30092716217041018,"z":2.761445999145508},"rotation":{"x":-0.2963499426841736,"y":-0.38441747426986697,"z":0.13180705904960633,"w":-0.864307165145874},"size":2.8578836917877199,"orthographic":false}